Accuracy,Precision,Recall,F1_Score,RoC_AuC
97.29045197039243,95.17654099341712,78.19075712881023,85.85155195681511,88.86259743642748
