Accuracy,Precision,Recall,F1_Score,RoC_AuC
89.36856469420668,1.694915254237288,0.019665683382497544,0.038880248833592534,49.942828844556246
