Accuracy,Precision,Recall,F1_Score,RoC_AuC
96.16791963275897,97.08719500662001,92.4032403240324,94.68732706142778,95.38904101469666
