Accuracy,Precision,Recall,F1_Score,RoC_AuC
92.82388933226922,95.30839231547017,84.7661870503597,89.72870061875298,91.15894831623093
