Accuracy,Precision,Recall,F1_Score,RoC_AuC
97.2584046644337,93.57755622536517,79.37069813176008,85.89061502447329,89.3653472174939
