Accuracy,Precision,Recall,F1_Score,RoC_AuC
89.25278087912997,0.43859649122807015,0.009832841691248772,0.019234468166955183,49.8737965299004
