Accuracy,Precision,Recall,F1_Score,RoC_AuC
97.51846184551925,97.91050295857988,95.31953195319532,96.5976466295722,97.06352283603204
