Accuracy,Precision,Recall,F1_Score,RoC_AuC
94.28704442670923,95.40274290129419,88.83093525179856,91.99962745645898,93.15966348913271
